{
  "9836134e-b892-4283-b6b2-78b5acf3ed45": {
    "asset": 1640250258076,
    "meta": 1640250257866,
    "relativePath": "effects"
  },
  "f8e6b000-5643-4b86-9080-aa680ce1f599": {
    "asset": 1640250258500,
    "meta": 1640250258085,
    "relativePath": "image"
  },
  "5c3eedba-6c41-4c0c-9ba7-d91f813cbd1c": {
    "asset": 1640250258503,
    "meta": 1640250258502,
    "relativePath": "materials"
  },
  "fc09f9bd-2cce-4605-b630-8145ef809ed6": {
    "asset": 1640250258507,
    "meta": 1640250258504,
    "relativePath": "misc"
  },
  "db019bf7-f71c-4111-98cf-918ea180cb48": {
    "asset": 1640250258546,
    "meta": 1640250258508,
    "relativePath": "model"
  },
  "e39e96e6-6f6e-413f-bcf1-ac7679bb648a": {
    "asset": 1640250258530,
    "meta": 1640250258509,
    "relativePath": "model\\prefab"
  },
  "f6e6dd15-71d1-4ffe-ace7-24fd39942c05": {
    "asset": 1640250258546,
    "meta": 1640250258534,
    "relativePath": "obsolete"
  },
  "f743d2b6-b7ea-4c14-a55b-547ed4d0a045": {
    "asset": 1640250258546,
    "meta": 1640250258538,
    "relativePath": "particle"
  },
  "ae6c6c98-11e4-452f-8758-75f5c6a56e83": {
    "asset": 1640250258613,
    "meta": 1640250258542,
    "relativePath": "prefab"
  },
  "a3ee0214-b432-4865-9666-4a3211814282": {
    "asset": 1640250258576,
    "meta": 1640250258570,
    "relativePath": "prefab\\light"
  },
  "d8afc78c-4eac-4a9f-83dd-67bc70344d33": {
    "asset": 1640250258631,
    "meta": 1640250258614,
    "relativePath": "resources"
  },
  "294c1663-4adf-4a1e-a795-53808011a38a": {
    "asset": 1640250258627,
    "meta": 1640250258615,
    "relativePath": "resources\\effects"
  },
  "bbee2217-c261-49bd-a8ce-708d6bcc3500": {
    "asset": 1640250258653,
    "meta": 1640250258632,
    "relativePath": "resources\\materials"
  },
  "4f676afe-dd31-4f99-9801-f063902edb31": {
    "asset": 1655262126230,
    "meta": 1655262099961,
    "relativePath": "CS"
  },
  "d594f556-c58a-4022-84b5-134e9763df08": {
    "asset": 1655265163095,
    "meta": 1655262113205,
    "relativePath": "CS\\res"
  },
  "9570744e-e3f2-4b69-b149-8f5f918897b1": {
    "asset": 1655262214723,
    "meta": 1655262119159,
    "relativePath": "CS\\scenes"
  },
  "9421e59c-697e-4c59-a143-76f6597a5067": {
    "asset": 1655297192862,
    "meta": 1655262123305,
    "relativePath": "CS\\scripts"
  },
  "a3188b6c-6f47-42b1-b9c9-e0c1d8737d8c": {
    "asset": 1655262133703,
    "meta": 1655262133706,
    "relativePath": "CS\\res\\audio"
  },
  "dc194f1a-c8a5-46ca-aaf9-f03b70974af5": {
    "asset": 1655262133703,
    "meta": 1655262133714,
    "relativePath": "CS\\res\\audio\\jump.mp3"
  },
  "55d110b9-bab6-4d9d-9416-03e46904fa35": {
    "asset": 1655262133704,
    "meta": 1655262133715,
    "relativePath": "CS\\res\\audio\\score.mp3"
  },
  "3491006f-0adf-4cab-a523-177cfe850667": {
    "asset": 1655266663482,
    "meta": 1655262139395,
    "relativePath": "CS\\res\\textures"
  },
  "2e632b17-220c-41b7-8b8a-f450a260eea6": {
    "asset": 1655262139392,
    "meta": 1655266524304,
    "relativePath": "CS\\res\\textures\\packers\\model\\CS_btn_play.png"
  },
  "0af33f8b-4512-452f-8ffa-e0175cee767c": {
    "asset": 1655262139392,
    "meta": 1655266515870,
    "relativePath": "CS\\res\\textures\\CS_background.jpg"
  },
  "3ed9483a-d37d-4699-8762-939910c3e127": {
    "asset": 1655262139392,
    "meta": 1655266531664,
    "relativePath": "CS\\res\\textures\\packers\\games\\CS_ground.png"
  },
  "c6b5fd13-6a7f-4187-8716-1189e5d13c27": {
    "asset": 1655262139392,
    "meta": 1655266538470,
    "relativePath": "CS\\res\\textures\\packers\\games\\CS_PurpleMonster.png"
  },
  "80c7b1e7-1df7-4fc7-94e5-c530738420ed": {
    "asset": 1655262139392,
    "meta": 1655266547550,
    "relativePath": "CS\\res\\textures\\packers\\games\\CS_star.png"
  },
  "4e8cc552-977c-40eb-85b2-b9a0181ed96e": {
    "asset": 1655262170934,
    "meta": 1655262170986,
    "relativePath": "CS\\res\\textures\\packers\\games\\mikado_outline_shadow.fnt"
  },
  "16f7a1fa-233d-489b-b344-9dd2b62c4077": {
    "asset": 1655262170934,
    "meta": 1655262170984,
    "relativePath": "CS\\res\\textures\\packers\\games\\mikado_outline_shadow.png"
  },
  "c083a370-f55f-4b73-aa63-46b2ec2924e2": {
    "asset": 1655351996570,
    "meta": 1655351996578,
    "relativePath": "CS\\scenes\\CS_GameScene.fire"
  },
  "af0fb20b-7f98-4b2e-beb3-64f3162bc49d": {
    "asset": 1655265165600,
    "meta": 1655265161009,
    "relativePath": "CS\\res\\prefabs"
  },
  "73daa319-6ffb-4d8e-bc92-7cb10a33f931": {
    "asset": 1655282877994,
    "meta": 1655282878004,
    "relativePath": "CS\\res\\prefabs\\CS_Star.prefab"
  },
  "c8a6c98d-5dc4-4fcc-9b65-221d6a3a6d31": {
    "asset": 1655266649527,
    "meta": 1655266617382,
    "relativePath": "CS\\res\\textures\\packers\\games"
  },
  "f6753c55-3d8d-4a12-99cc-b37cdde112d6": {
    "asset": 1655266694653,
    "meta": 1655266657406,
    "relativePath": "CS\\res\\textures\\packers"
  },
  "e8a1b7e9-cf49-41bd-8459-9a78daa5c449": {
    "asset": 1655266666531,
    "meta": 1655266666534,
    "relativePath": "CS\\res\\textures\\packers\\model"
  },
  "df2f37fa-c715-4ca6-be25-c2bf249d73f9": {
    "asset": 1655266685882,
    "meta": 1655266694656,
    "relativePath": "CS\\res\\textures\\packers\\CS_textures.pac"
  },
  "20e412ed-5475-4cc0-9d4c-163630c75398": {
    "asset": 1655266871343,
    "meta": 1655266847732,
    "relativePath": "startMenu"
  },
  "5177b0b2-8972-4e46-b596-a20f5dc7be7b": {
    "asset": 1655267422919,
    "meta": 1655266858797,
    "relativePath": "startMenu\\res"
  },
  "62542f02-f8d0-4649-b38d-183540475fb1": {
    "asset": 1655267360551,
    "meta": 1655266862774,
    "relativePath": "startMenu\\scenes"
  },
  "e012a958-eedc-4256-85c4-031f2b1292fb": {
    "asset": 1655267373781,
    "meta": 1655266868432,
    "relativePath": "startMenu\\scripts"
  },
  "2eaeb8d8-0453-4ac5-8752-740311be6804": {
    "asset": 1655347914826,
    "meta": 1655347914836,
    "relativePath": "startMenu\\scenes\\StartScene.fire"
  },
  "92e81069-8714-4fc7-9212-793e7f68b9f5": {
    "asset": 1655267418579,
    "meta": 1655267418581,
    "relativePath": "startMenu\\res\\textures"
  },
  "430eccbf-bf2c-4e6e-8c0c-884bbb487f32": {
    "asset": 1640250258065,
    "meta": 1655298477278,
    "relativePath": "effects\\__builtin-editor-gizmo-line.effect"
  },
  "6c5cf6e1-b044-4eac-9431-835644d57381": {
    "asset": 1640250258074,
    "meta": 1655298477290,
    "relativePath": "effects\\__builtin-editor-gizmo-unlit.effect"
  },
  "115286d1-2e10-49ee-aab4-341583f607e8": {
    "asset": 1640250258076,
    "meta": 1655298477313,
    "relativePath": "effects\\__builtin-editor-gizmo.effect"
  },
  "abc2cb62-7852-4525-a90d-d474487b88f2": {
    "asset": 1640250257867,
    "meta": 1655298477372,
    "relativePath": "effects\\builtin-phong.effect"
  },
  "e2f00085-c597-422d-9759-52c360279106": {
    "asset": 1640250258063,
    "meta": 1655298477422,
    "relativePath": "effects\\builtin-toon.effect"
  },
  "e851e89b-faa2-4484-bea6-5c01dd9f06e2": {
    "asset": 1640250258269,
    "meta": 1655298477455,
    "relativePath": "image\\default_btn_normal.png"
  },
  "71561142-4c83-4933-afca-cb7a17f67053": {
    "asset": 1640250258256,
    "meta": 1655298477459,
    "relativePath": "image\\default_btn_disabled.png"
  },
  "b43ff3c2-02bb-4874-81f7-f2dea6970f18": {
    "asset": 1640250258272,
    "meta": 1655298477473,
    "relativePath": "image\\default_btn_pressed.png"
  },
  "edd215b9-2796-4a05-aaf5-81f96c9281ce": {
    "asset": 1640250258277,
    "meta": 1655298477475,
    "relativePath": "image\\default_editbox_bg.png"
  },
  "99170b0b-d210-46f1-b213-7d9e3f23098a": {
    "asset": 1640250258288,
    "meta": 1655298477486,
    "relativePath": "image\\default_progressbar_bg.png"
  },
  "d81ec8ad-247c-4e62-aa3c-d35c4193c7af": {
    "asset": 1640250258282,
    "meta": 1655298477488,
    "relativePath": "image\\default_panel.png"
  },
  "cfef78f1-c8df-49b7-8ed0-4c953ace2621": {
    "asset": 1640250258285,
    "meta": 1655298477500,
    "relativePath": "image\\default_progressbar.png"
  },
  "567dcd80-8bf4-4535-8a5a-313f1caf078a": {
    "asset": 1640250258377,
    "meta": 1655298477502,
    "relativePath": "image\\default_radio_button_off.png"
  },
  "9d60001f-b5f4-4726-a629-2659e3ded0b8": {
    "asset": 1640250258383,
    "meta": 1655298477513,
    "relativePath": "image\\default_radio_button_on.png"
  },
  "4bab67cb-18e6-4099-b840-355f0473f890": {
    "asset": 1640250258398,
    "meta": 1655298477515,
    "relativePath": "image\\default_scrollbar_bg.png"
  },
  "617323dd-11f4-4dd3-8eec-0caf6b3b45b9": {
    "asset": 1640250258405,
    "meta": 1655298477526,
    "relativePath": "image\\default_scrollbar_vertical_bg.png"
  },
  "d6d3ca85-4681-47c1-b5dd-d036a9d39ea2": {
    "asset": 1640250258402,
    "meta": 1655298477529,
    "relativePath": "image\\default_scrollbar_vertical.png"
  },
  "0291c134-b3da-4098-b7b5-e397edbe947f": {
    "asset": 1640250258393,
    "meta": 1655298477540,
    "relativePath": "image\\default_scrollbar.png"
  },
  "0275e94c-56a7-410f-bd1a-fc7483f7d14a": {
    "asset": 1640250258482,
    "meta": 1655298477542,
    "relativePath": "image\\default_sprite_splash.png"
  },
  "73a0903d-d80e-4e3c-aa67-f999543c08f5": {
    "asset": 1640250258488,
    "meta": 1655298477556,
    "relativePath": "image\\default_toggle_checkmark.png"
  },
  "6e056173-d285-473c-b206-40a7fff5386e": {
    "asset": 1640250258409,
    "meta": 1655298477558,
    "relativePath": "image\\default_sprite.png"
  },
  "c25b9d50-c8fc-4d27-beeb-6e7c1f2e5c0f": {
    "asset": 1640250258489,
    "meta": 1655298477570,
    "relativePath": "image\\default_toggle_disabled.png"
  },
  "d29077ba-1627-4a72-9579-7b56a235340c": {
    "asset": 1640250258499,
    "meta": 1655298477573,
    "relativePath": "image\\default_toggle_normal.png"
  },
  "b181c1e4-0a72-4a91-bfb0-ae6f36ca60bd": {
    "asset": 1640250258500,
    "meta": 1655298477585,
    "relativePath": "image\\default_toggle_pressed.png"
  },
  "c4480a0a-6ac5-443f-8b40-361a14257fc8": {
    "asset": 1640250258502,
    "meta": 1655298478303,
    "relativePath": "materials\\builtin-phong.mtl"
  },
  "600301aa-3357-4a10-b086-84f011fa32ba": {
    "asset": 1640250258086,
    "meta": 1655298477591,
    "relativePath": "image\\default-particle.png"
  },
  "a87cc147-01b2-43f8-8e42-a7ca90b0c757": {
    "asset": 1640250546230,
    "meta": 1655298477595,
    "relativePath": "model\\prefab\\box.prefab"
  },
  "fe1417b6-fe6b-46a4-ae7c-9fd331f33a2a": {
    "asset": 1640250546233,
    "meta": 1655298477597,
    "relativePath": "model\\prefab\\capsule.prefab"
  },
  "b5fc2cf2-7942-483d-be1f-bbeadc4714ad": {
    "asset": 1640250546236,
    "meta": 1655298477602,
    "relativePath": "model\\prefab\\cone.prefab"
  },
  "1c5e4038-953a-44c2-b620-0bbfc6170477": {
    "asset": 1640250546238,
    "meta": 1655298477605,
    "relativePath": "model\\prefab\\cylinder.prefab"
  },
  "3f376125-a699-40ca-ad05-04d662eaa1f2": {
    "asset": 1640250546241,
    "meta": 1655298477609,
    "relativePath": "model\\prefab\\plane.prefab"
  },
  "6c9ef10d-b479-420b-bfe6-39cdda6a8ae0": {
    "asset": 1640250546246,
    "meta": 1655298477612,
    "relativePath": "model\\prefab\\quad.prefab"
  },
  "2d9a4b85-b0ab-4c46-84c5-18f393ab2058": {
    "asset": 1640250546248,
    "meta": 1655298477615,
    "relativePath": "model\\prefab\\sphere.prefab"
  },
  "2be36297-9abb-4fee-8049-9ed5e271da8a": {
    "asset": 1640250258506,
    "meta": 1655298477618,
    "relativePath": "misc\\default_video.mp4"
  },
  "de510076-056b-484f-b94c-83bef217d0e1": {
    "asset": 1640250546600,
    "meta": 1655298477866,
    "relativePath": "model\\prefab\\torus.prefab"
  },
  "8a96b965-2dc0-4e03-aa90-3b79cb93b5b4": {
    "asset": 1640250258536,
    "meta": 1655298477881,
    "relativePath": "obsolete\\atom.png"
  },
  "b8223619-7e38-47c4-841f-9160c232495a": {
    "asset": 1640250258535,
    "meta": 1655298478316,
    "relativePath": "obsolete\\atom.plist"
  },
  "d0a82d39-bede-46c4-b698-c81ff0dedfff": {
    "asset": 1640250258540,
    "meta": 1655298477896,
    "relativePath": "particle\\atom.png"
  },
  "897ef7a1-4860-4f64-968d-f5924b18668a": {
    "asset": 1640250546696,
    "meta": 1655298477899,
    "relativePath": "prefab\\2d-camera.prefab"
  },
  "70d7cdb0-04cd-41bb-9480-c06a4785f386": {
    "asset": 1640250546699,
    "meta": 1655298477903,
    "relativePath": "prefab\\3d-camera.prefab"
  },
  "b2687ac4-099e-403c-a192-ff477686f4f5": {
    "asset": 1640250258538,
    "meta": 1655298478318,
    "relativePath": "particle\\atom.plist"
  },
  "70bbeb73-6dc2-4ee4-8faf-76b3a0e34ec4": {
    "asset": 1640250546703,
    "meta": 1655298477908,
    "relativePath": "prefab\\3d-particle.prefab"
  },
  "ed88f13d-fcad-4848-aa35-65a2cb973584": {
    "asset": 1640250546706,
    "meta": 1655298477911,
    "relativePath": "prefab\\3d-stage.prefab"
  },
  "972b9a4d-47ee-4c74-b5c3-61d8a69bc29f": {
    "asset": 1640250546709,
    "meta": 1655298477916,
    "relativePath": "prefab\\button.prefab"
  },
  "2c937608-2562-40ea-b264-7395df6f0cea": {
    "asset": 1640250546712,
    "meta": 1655298477919,
    "relativePath": "prefab\\canvas.prefab"
  },
  "61aeb05b-3b32-452b-8eed-2b76deeed554": {
    "asset": 1640250546718,
    "meta": 1655298477923,
    "relativePath": "prefab\\editbox.prefab"
  },
  "27756ebb-3d33-44b0-9b96-e858fadd4dd4": {
    "asset": 1640250546721,
    "meta": 1655298477928,
    "relativePath": "prefab\\label.prefab"
  },
  "785a442c-3ceb-45be-a46e-7317f625f3b9": {
    "asset": 1640250546725,
    "meta": 1655298477933,
    "relativePath": "prefab\\layout.prefab"
  },
  "61906da3-7003-4bda-9abc-5769c76faee4": {
    "asset": 1640250546729,
    "meta": 1655298477936,
    "relativePath": "prefab\\light\\ambient.prefab"
  },
  "ddb99b39-7004-47cd-9705-751905c43c46": {
    "asset": 1640250546732,
    "meta": 1655298477942,
    "relativePath": "prefab\\light\\directional.prefab"
  },
  "0cf30284-9073-46bc-9eba-e62b69dbbff3": {
    "asset": 1640250546735,
    "meta": 1655298477946,
    "relativePath": "prefab\\light\\point.prefab"
  },
  "f5331fd2-bf42-4ee3-a3fd-3e1657600eff": {
    "asset": 1640250546738,
    "meta": 1655298477949,
    "relativePath": "prefab\\light\\spot.prefab"
  },
  "ca8401fe-ad6e-41a8-bd46-8e3e4e9945be": {
    "asset": 1640250546741,
    "meta": 1655298477955,
    "relativePath": "prefab\\pageview.prefab"
  },
  "cd33edea-55f5-46c2-958d-357a01384a36": {
    "asset": 1640250546744,
    "meta": 1655298477959,
    "relativePath": "prefab\\particlesystem.prefab"
  },
  "5965ffac-69da-4b55-bcde-9225d0613c28": {
    "asset": 1640250546747,
    "meta": 1655298477963,
    "relativePath": "prefab\\progressBar.prefab"
  },
  "4a37dd57-78cd-4cec-aad4-f11a73d12b63": {
    "asset": 1640250546750,
    "meta": 1655298477967,
    "relativePath": "prefab\\richtext.prefab"
  },
  "32044bd2-481f-4cf1-a656-e2b2fb1594eb": {
    "asset": 1640250546754,
    "meta": 1655298477972,
    "relativePath": "prefab\\scrollview.prefab"
  },
  "0004d1cf-a0ad-47d8-ab17-34d3db9d35a3": {
    "asset": 1640250546757,
    "meta": 1655298477975,
    "relativePath": "prefab\\slider.prefab"
  },
  "1f55e3be-b89b-4b79-88de-47fd31018044": {
    "asset": 1640250546760,
    "meta": 1655298477979,
    "relativePath": "prefab\\sprite_splash.prefab"
  },
  "96083d03-c332-4a3f-9386-d03e2d19e8ee": {
    "asset": 1640250546763,
    "meta": 1655298477982,
    "relativePath": "prefab\\sprite.prefab"
  },
  "7de03a80-4457-438d-95a7-3e7cdffd6086": {
    "asset": 1640250546765,
    "meta": 1655298477986,
    "relativePath": "prefab\\tiledmap.prefab"
  },
  "0e42ba95-1fa1-46aa-b2cf-143cd1bcee2c": {
    "asset": 1640250546768,
    "meta": 1655298477990,
    "relativePath": "prefab\\tiledtile.prefab"
  },
  "0d784963-d024-4ea6-a7db-03be0ad63010": {
    "asset": 1640250546771,
    "meta": 1655298477994,
    "relativePath": "prefab\\toggle.prefab"
  },
  "bf0a434c-84dd-4a8e-a08a-7a36f180cc75": {
    "asset": 1640250546774,
    "meta": 1655298477998,
    "relativePath": "prefab\\toggleContainer.prefab"
  },
  "d1b8be49-b0a0-435c-83b7-552bed4bbe35": {
    "asset": 1640250546778,
    "meta": 1655298478002,
    "relativePath": "prefab\\toggleGroup.prefab"
  },
  "232d2782-c4bd-4bb4-9e01-909f03d6d3b9": {
    "asset": 1640250546781,
    "meta": 1655298478006,
    "relativePath": "prefab\\videoplayer.prefab"
  },
  "8c5001fd-07ee-4a4b-a8a0-63e15195e94d": {
    "asset": 1640250546784,
    "meta": 1655298478014,
    "relativePath": "prefab\\webview.prefab"
  },
  "144c3297-af63-49e8-b8ef-1cfa29b3be28": {
    "asset": 1640250258616,
    "meta": 1655298478028,
    "relativePath": "resources\\effects\\builtin-2d-gray-sprite.effect"
  },
  "0e93aeaa-0b53-4e40-b8e0-6268b4e07bd7": {
    "asset": 1640250258619,
    "meta": 1655298478042,
    "relativePath": "resources\\effects\\builtin-2d-spine.effect"
  },
  "2874f8dd-416c-4440-81b7-555975426e93": {
    "asset": 1640250258621,
    "meta": 1655298478057,
    "relativePath": "resources\\effects\\builtin-2d-sprite.effect"
  },
  "829a282c-b049-4019-bd38-5ace8d8a6417": {
    "asset": 1640250258622,
    "meta": 1655298478149,
    "relativePath": "resources\\effects\\builtin-3d-particle.effect"
  },
  "2a7c0036-e0b3-4fe1-8998-89a54b8a2bec": {
    "asset": 1640250258624,
    "meta": 1655298478177,
    "relativePath": "resources\\effects\\builtin-3d-trail.effect"
  },
  "c0040c95-c57f-49cd-9cbc-12316b73d0d4": {
    "asset": 1640250258625,
    "meta": 1655298478187,
    "relativePath": "resources\\effects\\builtin-clear-stencil.effect"
  },
  "6d91e591-4ce0-465c-809f-610ec95019c6": {
    "asset": 1640250258627,
    "meta": 1655298478205,
    "relativePath": "resources\\effects\\builtin-unlit.effect"
  },
  "6f801092-0c37-4f30-89ef-c8d960825b36": {
    "asset": 1640250258633,
    "meta": 1655298478334,
    "relativePath": "resources\\materials\\builtin-2d-base.mtl"
  },
  "3a7bb79f-32fd-422e-ada2-96f518fed422": {
    "asset": 1640250258643,
    "meta": 1655298478336,
    "relativePath": "resources\\materials\\builtin-2d-gray-sprite.mtl"
  },
  "7afd064b-113f-480e-b793-8817d19f63c3": {
    "asset": 1640250258646,
    "meta": 1655298478338,
    "relativePath": "resources\\materials\\builtin-2d-spine.mtl"
  },
  "eca5d2f2-8ef6-41c2-bbe6-f9c79d09c432": {
    "asset": 1640250258647,
    "meta": 1655298478339,
    "relativePath": "resources\\materials\\builtin-2d-sprite.mtl"
  },
  "432fa09c-cf03-4cff-a186-982604408a07": {
    "asset": 1640250258648,
    "meta": 1655298478340,
    "relativePath": "resources\\materials\\builtin-3d-particle.mtl"
  },
  "466d4f9b-e5f4-4ea8-85d5-3c6e9a65658a": {
    "asset": 1640250258650,
    "meta": 1655298478341,
    "relativePath": "resources\\materials\\builtin-3d-trail.mtl"
  },
  "cf7e0bb8-a81c-44a9-ad79-d28d43991032": {
    "asset": 1640250258651,
    "meta": 1655298478342,
    "relativePath": "resources\\materials\\builtin-clear-stencil.mtl"
  },
  "2a296057-247c-4a1c-bbeb-0548b6c98650": {
    "asset": 1640250258652,
    "meta": 1655298478343,
    "relativePath": "resources\\materials\\builtin-unlit.mtl"
  },
  "954fec8b-cd16-4bb9-a3b7-7719660e7558": {
    "asset": 1640250258532,
    "meta": 1655298478357,
    "relativePath": "model\\primitives.fbx"
  },
  "12d2ab0b-d154-453a-92f1-1054dddcc91d": {
    "asset": 1655344415785,
    "meta": 1655344416375,
    "relativePath": "startMenu\\scripts\\Global.ts"
  },
  "4dfdad04-8d8c-40b7-a945-72835a1dd98d": {
    "asset": 1655345665239,
    "meta": 1655345665285,
    "relativePath": "CS\\res\\textures\\packers\\model\\MC_back.png"
  },
  "90ad75ca-3304-4f7e-af9f-503b7c7af14a": {
    "asset": 1655347831030,
    "meta": 1655347831039,
    "relativePath": "CS\\res\\prefabs\\CS_OverUI.prefab"
  },
  "40bbcd87-6ce6-4a82-a5a2-7135f52bd29b": {
    "asset": 1655346420651,
    "meta": 1655346420670,
    "relativePath": "CS\\scripts\\data"
  },
  "7dd2d8db-6efe-4d56-a5d2-95b99eaa54e8": {
    "asset": 1655348038044,
    "meta": 1655348054629,
    "relativePath": "CS\\scripts\\CS_Audio.ts"
  },
  "d1d68081-0766-49b4-abb8-d6dd116df80b": {
    "asset": 1655348025183,
    "meta": 1655348054659,
    "relativePath": "CS\\scripts\\CS_Game.ts"
  },
  "9fcca103-5d6a-4392-a8d2-256a9b534861": {
    "asset": 1655348004068,
    "meta": 1655348054677,
    "relativePath": "CS\\scripts\\CS_GameScene.ts"
  },
  "22ca0cae-299f-4fdc-91b3-5973b59afe78": {
    "asset": 1655348051338,
    "meta": 1655348054687,
    "relativePath": "CS\\scripts\\CS_OverUI.ts"
  },
  "2280d9b6-bc61-4650-bcda-b3a0a2aa0dd3": {
    "asset": 1655348027756,
    "meta": 1655348054709,
    "relativePath": "CS\\scripts\\CS_Player.ts"
  },
  "44d573aa-25d8-43a6-a30e-421369725c49": {
    "asset": 1655348029075,
    "meta": 1655348054727,
    "relativePath": "CS\\scripts\\CS_Star.ts"
  },
  "e441707b-53c8-4b0d-8d62-5aabb8ca1b32": {
    "asset": 1655348054054,
    "meta": 1655348054749,
    "relativePath": "startMenu\\scripts\\StartScene.ts"
  },
  "3afabf9b-adf8-45ca-8704-dfdc4a04dc8b": {
    "asset": 1655351937210,
    "meta": 1655351989657,
    "relativePath": "CS\\scripts\\data\\CS_Ads.ts"
  },
  "8ec98cf2-7cf7-40d9-8650-41e32df312c5": {
    "asset": 1655351942103,
    "meta": 1655351989671,
    "relativePath": "CS\\scripts\\data\\CS_Constants.ts"
  }
}