{
  "projectPath": "F:\\MyProject\\cocosCreator\\2_3_4\\CatchStar",
  "mtimes": {
    "54b101c1-b45a-4858-a9c5-a194cb0e67c0": {
      "assetMtime": 1655262187289,
      "metaMtime": 1655262189093
    },
    "11b8244c-b6d9-4577-b37e-627b95227848": {
      "assetMtime": 1655262139392,
      "metaMtime": 1655266515870
    },
    "0af33f8b-4512-452f-8ffa-e0175cee767c": {
      "assetMtime": 1655262139392,
      "metaMtime": 1655266515870
    },
    "3e241fb9-6609-4f4f-b56c-90c8703eef8a": {
      "assetMtime": 1655262170934,
      "metaMtime": 1655262170984
    },
    "16f7a1fa-233d-489b-b344-9dd2b62c4077": {
      "assetMtime": 1655262170934,
      "metaMtime": 1655262170984
    },
    "426627d4-14ef-471b-afee-9c1658251aac": {
      "assetMtime": 1655262139392,
      "metaMtime": 1655266531664
    },
    "3ed9483a-d37d-4699-8762-939910c3e127": {
      "assetMtime": 1655262139392,
      "metaMtime": 1655266531664
    },
    "8f8ba54f-70f6-4ca1-86d9-dddbd85e769d": {
      "assetMtime": 1655262139392,
      "metaMtime": 1655266547550
    },
    "80c7b1e7-1df7-4fc7-94e5-c530738420ed": {
      "assetMtime": 1655262139392,
      "metaMtime": 1655266547550
    },
    "a7d32fc1-4a29-491e-a5e2-0892063d35d0": {
      "assetMtime": 1655262139392,
      "metaMtime": 1655266538470
    },
    "c6b5fd13-6a7f-4187-8716-1189e5d13c27": {
      "assetMtime": 1655262139392,
      "metaMtime": 1655266538470
    },
    "f7635322-87f4-4d3a-9506-7cba16cd3f26": {
      "assetMtime": 1655262139392,
      "metaMtime": 1655266524304
    },
    "2e632b17-220c-41b7-8b8a-f450a260eea6": {
      "assetMtime": 1655262139392,
      "metaMtime": 1655266524304
    }
  },
  "result": {
    "name": "game",
    "width": 1024,
    "height": 1024,
    "ver": "1.2.0",
    "uuid": "54b101c1-b45a-4858-a9c5-a194cb0e67c0",
    "maxWidth": 1024,
    "maxHeight": 1024,
    "padding": 2,
    "allowRotation": true,
    "forceSquared": false,
    "powerOfTwo": false,
    "algorithm": "MaxRects",
    "format": "png",
    "quality": 80,
    "contourBleed": true,
    "paddingBleed": true,
    "filterUnused": false,
    "packable": false,
    "premultiplyAlpha": false,
    "filterMode": "bilinear",
    "platformSettings": {},
    "subMetas": {},
    "bleed": 1,
    "atlases": [
      {
        "files": [
          {
            "name": "CS_btn_play",
            "uuid": "f7635322-87f4-4d3a-9506-7cba16cd3f26",
            "textureUuid": "2e632b17-220c-41b7-8b8a-f450a260eea6",
            "path": "F:\\MyProject\\cocosCreator\\2_3_4\\CatchStar\\temp\\trimImages\\spritesheet_js_1655266551086_image_5.png",
            "trim": {
              "x": 3,
              "y": 3,
              "width": 195,
              "height": 57,
              "rotatedWidth": 195,
              "rotatedHeight": 57
            },
            "rawWidth": 195,
            "rawHeight": 57,
            "width": 201,
            "height": 63,
            "originalPath": "F:/MyProject/cocosCreator/2_3_4/CatchStar/library/imports/2e/2e632b17-220c-41b7-8b8a-f450a260eea6.png",
            "x": 0,
            "y": 0,
            "rotatedWidth": 201,
            "rotatedHeight": 63
          },
          {
            "name": "CS_star",
            "uuid": "8f8ba54f-70f6-4ca1-86d9-dddbd85e769d",
            "textureUuid": "80c7b1e7-1df7-4fc7-94e5-c530738420ed",
            "path": "F:\\MyProject\\cocosCreator\\2_3_4\\CatchStar\\temp\\trimImages\\spritesheet_js_1655266551085_image_3.png",
            "trim": {
              "x": 204,
              "y": 3,
              "width": 60,
              "height": 66,
              "rotatedWidth": 66,
              "rotatedHeight": 60
            },
            "rawWidth": 60,
            "rawHeight": 71,
            "width": 66,
            "height": 72,
            "originalPath": "F:/MyProject/cocosCreator/2_3_4/CatchStar/library/imports/80/80c7b1e7-1df7-4fc7-94e5-c530738420ed.png",
            "x": 201,
            "y": 0,
            "rotated": true,
            "rotatedWidth": 72,
            "rotatedHeight": 66
          },
          {
            "name": "CS_PurpleMonster",
            "uuid": "a7d32fc1-4a29-491e-a5e2-0892063d35d0",
            "textureUuid": "c6b5fd13-6a7f-4187-8716-1189e5d13c27",
            "path": "F:\\MyProject\\cocosCreator\\2_3_4\\CatchStar\\temp\\trimImages\\spritesheet_js_1655266551085_image_4.png",
            "trim": {
              "x": 276,
              "y": 3,
              "width": 78,
              "height": 67,
              "rotatedWidth": 78,
              "rotatedHeight": 67
            },
            "rawWidth": 78,
            "rawHeight": 67,
            "width": 84,
            "height": 73,
            "originalPath": "F:/MyProject/cocosCreator/2_3_4/CatchStar/library/imports/c6/c6b5fd13-6a7f-4187-8716-1189e5d13c27.png",
            "x": 273,
            "y": 0,
            "rotatedWidth": 84,
            "rotatedHeight": 73
          },
          {
            "name": "mikado_outline_shadow",
            "uuid": "3e241fb9-6609-4f4f-b56c-90c8703eef8a",
            "textureUuid": "16f7a1fa-233d-489b-b344-9dd2b62c4077",
            "path": "F:\\MyProject\\cocosCreator\\2_3_4\\CatchStar\\temp\\trimImages\\spritesheet_js_1655266551085_image_1.png",
            "trim": {
              "x": 3,
              "y": 76,
              "width": 497,
              "height": 232,
              "rotatedWidth": 497,
              "rotatedHeight": 232
            },
            "rawWidth": 512,
            "rawHeight": 256,
            "width": 503,
            "height": 238,
            "originalPath": "F:/MyProject/cocosCreator/2_3_4/CatchStar/library/imports/16/16f7a1fa-233d-489b-b344-9dd2b62c4077.png",
            "x": 0,
            "y": 73,
            "rotatedWidth": 503,
            "rotatedHeight": 238
          },
          {
            "name": "CS_ground",
            "uuid": "426627d4-14ef-471b-afee-9c1658251aac",
            "textureUuid": "3ed9483a-d37d-4699-8762-939910c3e127",
            "path": "F:\\MyProject\\cocosCreator\\2_3_4\\CatchStar\\temp\\trimImages\\spritesheet_js_1655266551085_image_2.png",
            "trim": {
              "x": 3,
              "y": 314,
              "width": 256,
              "height": 256,
              "rotatedWidth": 256,
              "rotatedHeight": 256
            },
            "rawWidth": 256,
            "rawHeight": 256,
            "width": 262,
            "height": 262,
            "originalPath": "F:/MyProject/cocosCreator/2_3_4/CatchStar/library/imports/3e/3ed9483a-d37d-4699-8762-939910c3e127.png",
            "x": 0,
            "y": 311,
            "rotatedWidth": 262,
            "rotatedHeight": 262
          },
          {
            "name": "CS_background",
            "uuid": "11b8244c-b6d9-4577-b37e-627b95227848",
            "textureUuid": "0af33f8b-4512-452f-8ffa-e0175cee767c",
            "path": "F:\\MyProject\\cocosCreator\\2_3_4\\CatchStar\\temp\\trimImages\\spritesheet_js_1655266551085_image_0.png",
            "trim": {
              "x": 3,
              "y": 576,
              "width": 512,
              "height": 362,
              "rotatedWidth": 512,
              "rotatedHeight": 362
            },
            "rawWidth": 512,
            "rawHeight": 362,
            "width": 518,
            "height": 368,
            "originalPath": "F:/MyProject/cocosCreator/2_3_4/CatchStar/library/imports/0a/0af33f8b-4512-452f-8ffa-e0175cee767c.jpg",
            "x": 0,
            "y": 573,
            "rotatedWidth": 518,
            "rotatedHeight": 368
          }
        ],
        "width": 518,
        "height": 941,
        "name": "game-1",
        "imagePath": "F:\\MyProject\\cocosCreator\\2_3_4\\CatchStar\\temp\\TexturePacker\\preview\\CS\\res\\textures\\game.pac\\game-1.png"
      }
    ],
    "unpackedTextures": []
  }
}