{
  "projectPath": "F:\\MyProject\\cocosCreator\\2_3_4\\CatchStar",
  "mtimes": {
    "df2f37fa-c715-4ca6-be25-c2bf249d73f9": {
      "assetMtime": 1655266685882,
      "metaMtime": 1655266694656
    },
    "01a75a2b-102d-41f8-a548-87dce3bc92b6": {
      "assetMtime": 1655345665239,
      "metaMtime": 1655345665285
    },
    "4dfdad04-8d8c-40b7-a945-72835a1dd98d": {
      "assetMtime": 1655345665239,
      "metaMtime": 1655345665285
    },
    "3e241fb9-6609-4f4f-b56c-90c8703eef8a": {
      "assetMtime": 1655262170934,
      "metaMtime": 1655262170984
    },
    "16f7a1fa-233d-489b-b344-9dd2b62c4077": {
      "assetMtime": 1655262170934,
      "metaMtime": 1655262170984
    },
    "426627d4-14ef-471b-afee-9c1658251aac": {
      "assetMtime": 1655262139392,
      "metaMtime": 1655266531664
    },
    "3ed9483a-d37d-4699-8762-939910c3e127": {
      "assetMtime": 1655262139392,
      "metaMtime": 1655266531664
    },
    "8f8ba54f-70f6-4ca1-86d9-dddbd85e769d": {
      "assetMtime": 1655262139392,
      "metaMtime": 1655266547550
    },
    "80c7b1e7-1df7-4fc7-94e5-c530738420ed": {
      "assetMtime": 1655262139392,
      "metaMtime": 1655266547550
    },
    "a7d32fc1-4a29-491e-a5e2-0892063d35d0": {
      "assetMtime": 1655262139392,
      "metaMtime": 1655266538470
    },
    "c6b5fd13-6a7f-4187-8716-1189e5d13c27": {
      "assetMtime": 1655262139392,
      "metaMtime": 1655266538470
    },
    "f7635322-87f4-4d3a-9506-7cba16cd3f26": {
      "assetMtime": 1655262139392,
      "metaMtime": 1655266524304
    },
    "2e632b17-220c-41b7-8b8a-f450a260eea6": {
      "assetMtime": 1655262139392,
      "metaMtime": 1655266524304
    }
  },
  "result": {
    "name": "CS_textures",
    "width": 1024,
    "height": 1024,
    "ver": "1.2.0",
    "uuid": "df2f37fa-c715-4ca6-be25-c2bf249d73f9",
    "maxWidth": 1024,
    "maxHeight": 1024,
    "padding": 2,
    "allowRotation": true,
    "forceSquared": false,
    "powerOfTwo": false,
    "algorithm": "MaxRects",
    "format": "png",
    "quality": 80,
    "contourBleed": true,
    "paddingBleed": true,
    "filterUnused": false,
    "packable": false,
    "premultiplyAlpha": false,
    "filterMode": "bilinear",
    "platformSettings": {},
    "subMetas": {},
    "bleed": 1,
    "atlases": [
      {
        "files": [
          {
            "name": "mikado_outline_shadow",
            "uuid": "3e241fb9-6609-4f4f-b56c-90c8703eef8a",
            "textureUuid": "16f7a1fa-233d-489b-b344-9dd2b62c4077",
            "path": "F:\\MyProject\\cocosCreator\\2_3_4\\CatchStar\\temp\\trimImages\\spritesheet_js_1655346835751_image_1.png",
            "trim": {
              "x": 3,
              "y": 3,
              "width": 497,
              "height": 232,
              "rotatedWidth": 232,
              "rotatedHeight": 497
            },
            "rawWidth": 512,
            "rawHeight": 256,
            "width": 503,
            "height": 238,
            "originalPath": "F:/MyProject/cocosCreator/2_3_4/CatchStar/library/imports/16/16f7a1fa-233d-489b-b344-9dd2b62c4077.png",
            "x": 0,
            "y": 0,
            "rotated": true,
            "rotatedWidth": 238,
            "rotatedHeight": 503
          },
          {
            "name": "CS_ground",
            "uuid": "426627d4-14ef-471b-afee-9c1658251aac",
            "textureUuid": "3ed9483a-d37d-4699-8762-939910c3e127",
            "path": "F:\\MyProject\\cocosCreator\\2_3_4\\CatchStar\\temp\\trimImages\\spritesheet_js_1655346835751_image_2.png",
            "trim": {
              "x": 3,
              "y": 506,
              "width": 256,
              "height": 256,
              "rotatedWidth": 256,
              "rotatedHeight": 256
            },
            "rawWidth": 256,
            "rawHeight": 256,
            "width": 262,
            "height": 262,
            "originalPath": "F:/MyProject/cocosCreator/2_3_4/CatchStar/library/imports/3e/3ed9483a-d37d-4699-8762-939910c3e127.png",
            "x": 0,
            "y": 503,
            "rotatedWidth": 262,
            "rotatedHeight": 262
          },
          {
            "name": "CS_PurpleMonster",
            "uuid": "a7d32fc1-4a29-491e-a5e2-0892063d35d0",
            "textureUuid": "c6b5fd13-6a7f-4187-8716-1189e5d13c27",
            "path": "F:\\MyProject\\cocosCreator\\2_3_4\\CatchStar\\temp\\trimImages\\spritesheet_js_1655346835752_image_4.png",
            "trim": {
              "x": 3,
              "y": 768,
              "width": 78,
              "height": 67,
              "rotatedWidth": 78,
              "rotatedHeight": 67
            },
            "rawWidth": 78,
            "rawHeight": 67,
            "width": 84,
            "height": 73,
            "originalPath": "F:/MyProject/cocosCreator/2_3_4/CatchStar/library/imports/c6/c6b5fd13-6a7f-4187-8716-1189e5d13c27.png",
            "x": 0,
            "y": 765,
            "rotatedWidth": 84,
            "rotatedHeight": 73
          },
          {
            "name": "CS_btn_play",
            "uuid": "f7635322-87f4-4d3a-9506-7cba16cd3f26",
            "textureUuid": "2e632b17-220c-41b7-8b8a-f450a260eea6",
            "path": "F:\\MyProject\\cocosCreator\\2_3_4\\CatchStar\\temp\\trimImages\\spritesheet_js_1655346835752_image_5.png",
            "trim": {
              "x": 3,
              "y": 841,
              "width": 195,
              "height": 57,
              "rotatedWidth": 195,
              "rotatedHeight": 57
            },
            "rawWidth": 195,
            "rawHeight": 57,
            "width": 201,
            "height": 63,
            "originalPath": "F:/MyProject/cocosCreator/2_3_4/CatchStar/library/imports/2e/2e632b17-220c-41b7-8b8a-f450a260eea6.png",
            "x": 0,
            "y": 838,
            "rotatedWidth": 201,
            "rotatedHeight": 63
          },
          {
            "name": "CS_star",
            "uuid": "8f8ba54f-70f6-4ca1-86d9-dddbd85e769d",
            "textureUuid": "80c7b1e7-1df7-4fc7-94e5-c530738420ed",
            "path": "F:\\MyProject\\cocosCreator\\2_3_4\\CatchStar\\temp\\trimImages\\spritesheet_js_1655346835751_image_3.png",
            "trim": {
              "x": 87,
              "y": 768,
              "width": 60,
              "height": 66,
              "rotatedWidth": 66,
              "rotatedHeight": 60
            },
            "rawWidth": 60,
            "rawHeight": 71,
            "width": 66,
            "height": 72,
            "originalPath": "F:/MyProject/cocosCreator/2_3_4/CatchStar/library/imports/80/80c7b1e7-1df7-4fc7-94e5-c530738420ed.png",
            "x": 84,
            "y": 765,
            "rotated": true,
            "rotatedWidth": 72,
            "rotatedHeight": 66
          },
          {
            "name": "MC_back",
            "uuid": "01a75a2b-102d-41f8-a548-87dce3bc92b6",
            "textureUuid": "4dfdad04-8d8c-40b7-a945-72835a1dd98d",
            "path": "F:\\MyProject\\cocosCreator\\2_3_4\\CatchStar\\temp\\trimImages\\spritesheet_js_1655346835751_image_0.png",
            "trim": {
              "x": 159,
              "y": 768,
              "width": 29,
              "height": 47,
              "rotatedWidth": 47,
              "rotatedHeight": 29
            },
            "rawWidth": 29,
            "rawHeight": 47,
            "width": 35,
            "height": 53,
            "originalPath": "F:/MyProject/cocosCreator/2_3_4/CatchStar/library/imports/4d/4dfdad04-8d8c-40b7-a945-72835a1dd98d.png",
            "x": 156,
            "y": 765,
            "rotated": true,
            "rotatedWidth": 53,
            "rotatedHeight": 35
          }
        ],
        "width": 262,
        "height": 901,
        "name": "CS_textures-1",
        "imagePath": "F:\\MyProject\\cocosCreator\\2_3_4\\CatchStar\\temp\\TexturePacker\\preview\\CS\\res\\textures\\packers\\CS_textures.pac\\CS_textures-1.png"
      }
    ],
    "unpackedTextures": []
  }
}